slug,degree,betweenness,closeness,eigenvector
malware-ic,0.5301204819277109,0.6877581231029507,0.4961629279811097,0.17465890007620918
ransomware-ic,0.3493975903614458,0.25966183574879254,0.34731404958677686,0.11153936621734586
dark-web-ic,0.18072289156626506,0.12441912160802715,0.3081011730205278,0.04342135465718577
voice-phishing-ic,0.14457831325301204,0.21839080459770116,0.28299663299663297,0.003969450666292911
csam-ic,0.07228915662650602,0.10318704284221526,0.25989486703772413,0.0034931239560461085
illegal-iptv-ic,0.060240963855421686,0.002612330198537095,0.056818181818181816,4.6017566568824507e-54
