slug,degree,betweenness,closeness,eigenvector
malware-ic,0.6470588235294118,0.7060790669945601,0.5718954248366013,0.17335817176797855
ransomware-ic,0.4264705882352941,0.33213694404753813,0.4227053140096618,0.1107766662920247
dark-web-ic,0.22058823529411764,0.158575851242722,0.36008230452674894,0.04312252987063877
csam-ic,0.08823529411764706,0.1310641627543036,0.2895981087470449,0.0034681819382681267
illegal-iptv-ic,0.014705882352941176,0.0,0.013888888888888888,5.274841168643041e-89
